-- =============================================
-- BACKUP BPA ALMACEN
-- Fecha: 30/3/2026, 10:47:34 p. m.
-- Base de datos: Supabase / PostgreSQL
-- =============================================

SET session_replication_role = replica; -- deshabilita FK checks temporalmente

-- Tabla: roles (0 filas)
DELETE FROM "roles";

-- Tabla: usuarios (0 filas)
DELETE FROM "usuarios";

-- Tabla: clientes (7 filas)
DELETE FROM "clientes";
INSERT INTO "clientes" ("id", "codigo", "razon_social", "cuit", "direccion", "distrito", "provincia", "departamento", "categoria_riesgo", "estado", "telefono", "email", "activo", "created_at", "updated_at", "persona_contacto") VALUES (1, 'CLI-8018-001', 'SUMEDIN S.A.C.', '20608438018', 'JR. DIANA INT.12,MZ.D2,LT.25,1°Y2° PISO URB.SANTA MARIA DE SURCO', 'SANTIAGO DE SURCO', 'Lima', 'Lima', 'Alto', 'Activo', NULL, NULL, 1, '2026-03-30T12:25:17.024Z', '2026-03-30T12:25:17.024Z', 'JOSSELYN MONTALVO');
INSERT INTO "clientes" ("id", "codigo", "razon_social", "cuit", "direccion", "distrito", "provincia", "departamento", "categoria_riesgo", "estado", "telefono", "email", "activo", "created_at", "updated_at", "persona_contacto") VALUES (2, 'CLI-4871-001', 'AFECORP PERU S.A.C', '20600124871', 'JR. DIANA INT-1,MZ D2,LT.25,1° Y 2° PISO URB.SANTA MARIA DE SURCO', 'SANTIAGO DE SURCO', 'Lima', 'Lima', 'No verificado', 'Activo', NULL, NULL, 1, '2026-03-30T12:26:33.447Z', '2026-03-30T12:26:33.447Z', 'JOSSELYN MONTALVO CORREA');
INSERT INTO "clientes" ("id", "codigo", "razon_social", "cuit", "direccion", "distrito", "provincia", "departamento", "categoria_riesgo", "estado", "telefono", "email", "activo", "created_at", "updated_at", "persona_contacto") VALUES (3, 'CLI-2241-001', 'MIRET MEDICAL ASOCIADOS S.A.C. MIRET MED', '20605712241', 'JR. DIANA INT.11,MZ.D2,LT.25,1°Y2° PIS URB.SANTA MARIA DE SURCO', 'SANTIAGO DE SURCO', 'Lima', 'Lima', 'Bajo', 'Activo', NULL, NULL, 1, '2026-03-30T12:28:02.035Z', '2026-03-30T12:28:02.035Z', 'MONTALVO CORREA JOSSELYN NAYDU');
INSERT INTO "clientes" ("id", "codigo", "razon_social", "cuit", "direccion", "distrito", "provincia", "departamento", "categoria_riesgo", "estado", "telefono", "email", "activo", "created_at", "updated_at", "persona_contacto") VALUES (4, 'CLI-6211-001', 'SUNIX MEDICAL S.A.C.', '20612226211', 'AV. LOS NOGALES N°251 DPTO.1203, INT.1', 'EL AGUSTINO', 'Lima', 'Lima', 'No verificado', 'Activo', NULL, NULL, 1, '2026-03-30T12:29:07.410Z', '2026-03-30T12:29:07.410Z', 'CHIPANA BLAS JUDITH PAMELA');
INSERT INTO "clientes" ("id", "codigo", "razon_social", "cuit", "direccion", "distrito", "provincia", "departamento", "categoria_riesgo", "estado", "telefono", "email", "activo", "created_at", "updated_at", "persona_contacto") VALUES (5, 'CLI-1991-001', 'TRAUMA SPINE E.I.R.L.', '20606511991', 'CAL. CARLOS TENAUD NRO. 220. BARBONCITO', 'MIRAFLORES', 'Lima', 'LIma', 'Bajo', 'Activo', NULL, NULL, 1, '2026-03-30T12:31:44.953Z', '2026-03-30T12:31:44.953Z', 'CHIPANA BLAS JUDITH PAMELA');
INSERT INTO "clientes" ("id", "codigo", "razon_social", "cuit", "direccion", "distrito", "provincia", "departamento", "categoria_riesgo", "estado", "telefono", "email", "activo", "created_at", "updated_at", "persona_contacto") VALUES (6, 'CLI-6571-001', 'IMPORTACIONES MEDICAS RZ S.A.C.', '20610636571', 'JR. DIANA INT. 5, MZ. D2, LT. 25, 1 Y 2 PISO URB. SANTA MARIA DE SURCO', 'SANTIAGO DE SURCO', 'Lima', 'Lima', 'Bajo', 'Activo', NULL, NULL, 1, '2026-03-30T12:33:53.189Z', '2026-03-30T12:33:53.189Z', 'CHIPANA BLAS JUDITH PAMELA');
INSERT INTO "clientes" ("id", "codigo", "razon_social", "cuit", "direccion", "distrito", "provincia", "departamento", "categoria_riesgo", "estado", "telefono", "email", "activo", "created_at", "updated_at", "persona_contacto") VALUES (7, 'CLI-07', 'LINEAGE', '20613906895', 'Cal. Mercado Nro. 156 San Ramon ', 'Chanchamayo', 'Lima', 'Lima', 'Bajo', 'Activo', '982 326 873', NULL, 1, '2026-03-31T08:28:36.513Z', '2026-03-31T08:28:36.513Z', 'Gisella Palomino');

-- Tabla: productos (5 filas)
DELETE FROM "productos";
INSERT INTO "productos" ("id", "codigo", "descripcion", "proveedor", "tipo_documento", "numero_documento", "registro_sanitario", "lote", "fabricante", "categoria_ingreso", "procedencia", "unidad", "unidad_otro", "um", "temperatura_min_c", "temperatura_max_c", "observaciones", "activo", "created_at", "updated_at", "fecha_documento", "unidad_medida", "cliente_id", "proveedor_ruc", "cliente_ruc") VALUES (1, 'PROD001', 'LIDOCAINA S/PRESERVANTE AZUL CAJAX 25 AMPOLLAS', 'LINEAGE', 'Invoice', 'T005-00148820', 'EN-00901', '2040355', 'COBEFAR S.A.C.', NULL, 'PERU', 'UND', NULL, NULL, '25.00', '25.00', NULL, 1, '2026-03-31T08:30:56.396Z', '2026-03-31T08:30:56.396Z', NULL, NULL, 7, '20613906895', '20613906895');
INSERT INTO "productos" ("id", "codigo", "descripcion", "proveedor", "tipo_documento", "numero_documento", "registro_sanitario", "lote", "fabricante", "categoria_ingreso", "procedencia", "unidad", "unidad_otro", "um", "temperatura_min_c", "temperatura_max_c", "observaciones", "activo", "created_at", "updated_at", "fecha_documento", "unidad_medida", "cliente_id", "proveedor_ruc", "cliente_ruc") VALUES (2, 'PROD002', 'PARACETAMOL 100 MG/ML X 10 ML GOTAS', 'LINEAGE', 'Guía de Remisión Remitente', 'T005-00148821', 'EN-00670', '2103144', 'COBEFAR S.A.C.', NULL, 'PERU', 'UND', NULL, NULL, '25.00', '25.00', NULL, 1, '2026-03-31T08:33:37.507Z', '2026-03-31T08:33:37.507Z', NULL, NULL, 7, '20613906895', '20613906895');
INSERT INTO "productos" ("id", "codigo", "descripcion", "proveedor", "tipo_documento", "numero_documento", "registro_sanitario", "lote", "fabricante", "categoria_ingreso", "procedencia", "unidad", "unidad_otro", "um", "temperatura_min_c", "temperatura_max_c", "observaciones", "activo", "created_at", "updated_at", "fecha_documento", "unidad_medida", "cliente_id", "proveedor_ruc", "cliente_ruc") VALUES (3, 'ACCLARIX AX3', 'SISTEMA DE ULTRASONIDOS DIAGNOSTICO - ACCLARIX AX3 - Por caja', 'SUNIX MEDICAL S.A.C.', 'Guía de Remisión Remitente', 'EG07-00000008', 'DB4253E', 'SN-560435M25308290001', 'EDAN INSTRUMENTS INC', NULL, 'CHINA', 'UND', NULL, NULL, '25.00', '25.00', NULL, 1, '2026-03-31T08:39:03.876Z', '2026-03-31T08:39:03.876Z', NULL, NULL, 4, '20612226211', '20612226211');
INSERT INTO "productos" ("id", "codigo", "descripcion", "proveedor", "tipo_documento", "numero_documento", "registro_sanitario", "lote", "fabricante", "categoria_ingreso", "procedencia", "unidad", "unidad_otro", "um", "temperatura_min_c", "temperatura_max_c", "observaciones", "activo", "created_at", "updated_at", "fecha_documento", "unidad_medida", "cliente_id", "proveedor_ruc", "cliente_ruc") VALUES (4, 'WML-320', 'CLIPS DE LIGADURA WEL-LOK MEDIANO GRANDES x Caja', 'IMPORTACIONES MEDICAS RZ S.A.C.', 'Guía de Remisión Remitente', 'T001-00000257', 'DM20195E', '2025255', 'EOMEDICA SAC', NULL, 'PERU', 'UND', NULL, NULL, '25.00', '25.00', NULL, 1, '2026-03-31T08:43:08.929Z', '2026-03-31T08:43:08.929Z', NULL, NULL, 6, '20610636571', '20610636571');
INSERT INTO "productos" ("id", "codigo", "descripcion", "proveedor", "tipo_documento", "numero_documento", "registro_sanitario", "lote", "fabricante", "categoria_ingreso", "procedencia", "unidad", "unidad_otro", "um", "temperatura_min_c", "temperatura_max_c", "observaciones", "activo", "created_at", "updated_at", "fecha_documento", "unidad_medida", "cliente_id", "proveedor_ruc", "cliente_ruc") VALUES (5, 'S01-L4', 'OXYGEN MASKS FOR SINGLE USE X 01 UND.', 'IMPORTACIONES MEDICAS RZ S.A.C.', 'Invoice', 'S01-L4', 'DM321 99E', '2601061', 'QINGDAO HIPROVE MEDICAL TECHNOLOGIES CO.,LTD', NULL, 'CHINA', 'UND', NULL, NULL, '25.00', '25.00', NULL, 1, '2026-03-31T08:44:20.745Z', '2026-03-31T08:44:20.745Z', NULL, NULL, 6, '20610636571', '20610636571');

-- Tabla: lotes (6 filas)
DELETE FROM "lotes";
INSERT INTO "lotes" ("id", "producto_id", "numero_lote", "fecha_vencimiento", "cantidad_ingresada", "cantidad_disponible", "nota_ingreso_id", "created_at", "updated_at", "cantidad_inicial", "cantidad_actual", "estado") VALUES (1, 2, '2103144', '2027-10-31T05:00:00.000Z', '1000.00', '0.00', 1, '2026-03-31T08:36:00.826Z', '2026-03-31T08:37:00.889Z', NULL, NULL, 'ACTIVO');
INSERT INTO "lotes" ("id", "producto_id", "numero_lote", "fecha_vencimiento", "cantidad_ingresada", "cantidad_disponible", "nota_ingreso_id", "created_at", "updated_at", "cantidad_inicial", "cantidad_actual", "estado") VALUES (2, 1, '2040355', '2028-04-30T05:00:00.000Z', '500.00', '0.00', 1, '2026-03-31T08:36:00.826Z', '2026-03-31T08:37:00.889Z', NULL, NULL, 'ACTIVO');
INSERT INTO "lotes" ("id", "producto_id", "numero_lote", "fecha_vencimiento", "cantidad_ingresada", "cantidad_disponible", "nota_ingreso_id", "created_at", "updated_at", "cantidad_inicial", "cantidad_actual", "estado") VALUES (3, 3, 'SN-560435M25308290001', NULL, '1.00', '0.00', 2, '2026-03-31T08:40:23.881Z', '2026-03-31T08:40:43.981Z', NULL, NULL, 'ACTIVO');
INSERT INTO "lotes" ("id", "producto_id", "numero_lote", "fecha_vencimiento", "cantidad_ingresada", "cantidad_disponible", "nota_ingreso_id", "created_at", "updated_at", "cantidad_inicial", "cantidad_actual", "estado") VALUES (5, 5, '2601061', '2030-01-25T05:00:00.000Z', '5000.00', '5000.00', 4, '2026-03-31T08:46:30.607Z', '2026-03-31T08:46:30.607Z', NULL, NULL, 'ACTIVO');
INSERT INTO "lotes" ("id", "producto_id", "numero_lote", "fecha_vencimiento", "cantidad_ingresada", "cantidad_disponible", "nota_ingreso_id", "created_at", "updated_at", "cantidad_inicial", "cantidad_actual", "estado") VALUES (6, 5, '2601062', '2030-01-25T05:00:00.000Z', '7000.00', '7000.00', 4, '2026-03-31T08:46:30.607Z', '2026-03-31T08:46:30.607Z', NULL, NULL, 'ACTIVO');
INSERT INTO "lotes" ("id", "producto_id", "numero_lote", "fecha_vencimiento", "cantidad_ingresada", "cantidad_disponible", "nota_ingreso_id", "created_at", "updated_at", "cantidad_inicial", "cantidad_actual", "estado") VALUES (4, 4, '2025255', '2030-01-08T05:00:00.000Z', '3.00', '0.00', 3, '2026-03-31T08:45:21.158Z', '2026-03-31T08:46:45.321Z', NULL, NULL, 'ACTIVO');

-- Tabla: notas_ingreso (4 filas)
DELETE FROM "notas_ingreso";
INSERT INTO "notas_ingreso" ("id", "numero_ingreso", "fecha", "proveedor", "tipo_documento", "numero_documento", "responsable_id", "estado", "observaciones", "created_at", "updated_at", "cliente_id", "numero_guia", "cliente_ruc") VALUES (1, '00000001', '2026-03-31T05:00:00.000Z', 'LINEAGE', NULL, NULL, 1, 'REGISTRADA', NULL, '2026-03-31T08:36:00.826Z', '2026-03-31T08:36:00.826Z', 7, 'guia-0000001', '20613906895');
INSERT INTO "notas_ingreso" ("id", "numero_ingreso", "fecha", "proveedor", "tipo_documento", "numero_documento", "responsable_id", "estado", "observaciones", "created_at", "updated_at", "cliente_id", "numero_guia", "cliente_ruc") VALUES (2, '00000002', '2026-03-31T05:00:00.000Z', 'SUNIX MEDICAL S.A.C.', NULL, NULL, 1, 'REGISTRADA', NULL, '2026-03-31T08:40:23.881Z', '2026-03-31T08:40:23.881Z', 4, 'guia-0000002', '20612226211');
INSERT INTO "notas_ingreso" ("id", "numero_ingreso", "fecha", "proveedor", "tipo_documento", "numero_documento", "responsable_id", "estado", "observaciones", "created_at", "updated_at", "cliente_id", "numero_guia", "cliente_ruc") VALUES (3, '00000003', '2026-03-31T05:00:00.000Z', 'IMPORTACIONES MEDICAS RZ S.A.C.', NULL, NULL, 1, 'REGISTRADA', NULL, '2026-03-31T08:45:21.158Z', '2026-03-31T08:45:21.158Z', 6, 'guia-0000003', '20610636571');
INSERT INTO "notas_ingreso" ("id", "numero_ingreso", "fecha", "proveedor", "tipo_documento", "numero_documento", "responsable_id", "estado", "observaciones", "created_at", "updated_at", "cliente_id", "numero_guia", "cliente_ruc") VALUES (4, '00000004', '2026-03-31T05:00:00.000Z', 'IMPORTACIONES MEDICAS RZ S.A.C.', NULL, NULL, 1, 'REGISTRADA', NULL, '2026-03-31T08:46:30.607Z', '2026-03-31T08:46:30.607Z', 6, 'guia-0000004', '20610636571');

-- Tabla: nota_ingreso_detalles (6 filas)
DELETE FROM "nota_ingreso_detalles";
INSERT INTO "nota_ingreso_detalles" ("id", "nota_ingreso_id", "producto_id", "lote_numero", "fecha_vencimiento", "um", "fabricante", "temperatura_min_c", "temperatura_max_c", "cantidad", "precio_unitario", "cantidad_bultos", "cantidad_cajas", "cantidad_por_caja", "cantidad_fraccion", "cantidad_total", "created_at") VALUES (1, 1, 2, '2103144', '2027-10-31T05:00:00.000Z', NULL, 'COBEFAR S.A.C.', '25.00', '25.00', '1000.00', NULL, '1.00', '1.00', '1000.00', '0.00', '1000.00', '2026-03-31T08:36:00.826Z');
INSERT INTO "nota_ingreso_detalles" ("id", "nota_ingreso_id", "producto_id", "lote_numero", "fecha_vencimiento", "um", "fabricante", "temperatura_min_c", "temperatura_max_c", "cantidad", "precio_unitario", "cantidad_bultos", "cantidad_cajas", "cantidad_por_caja", "cantidad_fraccion", "cantidad_total", "created_at") VALUES (2, 1, 1, '2040355', '2028-04-30T05:00:00.000Z', NULL, 'COBEFAR S.A.C.', '25.00', '25.00', '500.00', NULL, '1.00', '1.00', '500.00', '0.00', '500.00', '2026-03-31T08:36:00.826Z');
INSERT INTO "nota_ingreso_detalles" ("id", "nota_ingreso_id", "producto_id", "lote_numero", "fecha_vencimiento", "um", "fabricante", "temperatura_min_c", "temperatura_max_c", "cantidad", "precio_unitario", "cantidad_bultos", "cantidad_cajas", "cantidad_por_caja", "cantidad_fraccion", "cantidad_total", "created_at") VALUES (3, 2, 3, 'SN-560435M25308290001', NULL, NULL, 'EDAN INSTRUMENTS INC', '25.00', '25.00', '1.00', NULL, '1.00', '1.00', '1.00', '0.00', '1.00', '2026-03-31T08:40:23.881Z');
INSERT INTO "nota_ingreso_detalles" ("id", "nota_ingreso_id", "producto_id", "lote_numero", "fecha_vencimiento", "um", "fabricante", "temperatura_min_c", "temperatura_max_c", "cantidad", "precio_unitario", "cantidad_bultos", "cantidad_cajas", "cantidad_por_caja", "cantidad_fraccion", "cantidad_total", "created_at") VALUES (4, 3, 4, '2025255', '2030-01-08T05:00:00.000Z', NULL, 'EOMEDICA SAC', '25.00', '25.00', '3.00', NULL, '1.00', '1.00', '3.00', '0.00', '3.00', '2026-03-31T08:45:21.158Z');
INSERT INTO "nota_ingreso_detalles" ("id", "nota_ingreso_id", "producto_id", "lote_numero", "fecha_vencimiento", "um", "fabricante", "temperatura_min_c", "temperatura_max_c", "cantidad", "precio_unitario", "cantidad_bultos", "cantidad_cajas", "cantidad_por_caja", "cantidad_fraccion", "cantidad_total", "created_at") VALUES (5, 4, 5, '2601061', '2030-01-25T05:00:00.000Z', NULL, 'QINGDAO HIPROVE MEDICAL TECHNOLOGIES CO.,LTD', '25.00', '25.00', '5000.00', NULL, '1.00', '1.00', '5000.00', '0.00', '5000.00', '2026-03-31T08:46:30.607Z');
INSERT INTO "nota_ingreso_detalles" ("id", "nota_ingreso_id", "producto_id", "lote_numero", "fecha_vencimiento", "um", "fabricante", "temperatura_min_c", "temperatura_max_c", "cantidad", "precio_unitario", "cantidad_bultos", "cantidad_cajas", "cantidad_por_caja", "cantidad_fraccion", "cantidad_total", "created_at") VALUES (6, 4, 5, '2601062', '2030-01-25T05:00:00.000Z', NULL, 'QINGDAO HIPROVE MEDICAL TECHNOLOGIES CO.,LTD', '25.00', '25.00', '7000.00', NULL, '1.00', '1.00', '7000.00', '0.00', '7000.00', '2026-03-31T08:46:30.607Z');

-- Tabla: notas_salida (3 filas)
DELETE FROM "notas_salida";
INSERT INTO "notas_salida" ("id", "numero_salida", "cliente_id", "fecha", "tipo_documento", "numero_documento", "fecha_ingreso", "motivo_salida", "responsable_id", "estado", "observaciones", "created_at", "updated_at", "cliente_ruc") VALUES (1, '00000001', 7, '2026-03-31T05:00:00.000Z', NULL, NULL, NULL, NULL, NULL, 'REGISTRADA', NULL, '2026-03-31T08:37:00.889Z', '2026-03-31T08:37:00.889Z', '20613906895');
INSERT INTO "notas_salida" ("id", "numero_salida", "cliente_id", "fecha", "tipo_documento", "numero_documento", "fecha_ingreso", "motivo_salida", "responsable_id", "estado", "observaciones", "created_at", "updated_at", "cliente_ruc") VALUES (2, '00000002', 4, '2026-03-31T05:00:00.000Z', NULL, NULL, NULL, NULL, NULL, 'REGISTRADA', NULL, '2026-03-31T08:40:43.981Z', '2026-03-31T08:40:43.981Z', '20612226211');
INSERT INTO "notas_salida" ("id", "numero_salida", "cliente_id", "fecha", "tipo_documento", "numero_documento", "fecha_ingreso", "motivo_salida", "responsable_id", "estado", "observaciones", "created_at", "updated_at", "cliente_ruc") VALUES (3, '00000003', 6, '2026-03-31T05:00:00.000Z', NULL, NULL, NULL, NULL, NULL, 'REGISTRADA', NULL, '2026-03-31T08:46:45.321Z', '2026-03-31T08:46:45.321Z', '20610636571');

-- Tabla: nota_salida_detalles (4 filas)
DELETE FROM "nota_salida_detalles";
INSERT INTO "nota_salida_detalles" ("id", "nota_salida_id", "producto_id", "lote_id", "cantidad", "precio_unitario", "created_at", "cant_bulto", "cant_caja", "cant_x_caja", "cant_fraccion", "lote_numero", "fecha_vencimiento", "um", "fabricante", "temperatura_min_c", "temperatura_max_c", "cantidad_total") VALUES (1, 1, 2, NULL, '1000.00', NULL, '2026-03-31T08:37:00.889Z', '1.00', '1.00', '1000.00', '0.00', '2103144', '2027-10-31T05:00:00.000Z', NULL, 'COBEFAR S.A.C.', NULL, NULL, '1000.00');
INSERT INTO "nota_salida_detalles" ("id", "nota_salida_id", "producto_id", "lote_id", "cantidad", "precio_unitario", "created_at", "cant_bulto", "cant_caja", "cant_x_caja", "cant_fraccion", "lote_numero", "fecha_vencimiento", "um", "fabricante", "temperatura_min_c", "temperatura_max_c", "cantidad_total") VALUES (2, 1, 1, NULL, '500.00', NULL, '2026-03-31T08:37:00.889Z', '1.00', '1.00', '500.00', '0.00', '2040355', '2028-04-30T05:00:00.000Z', NULL, 'COBEFAR S.A.C.', NULL, NULL, '500.00');
INSERT INTO "nota_salida_detalles" ("id", "nota_salida_id", "producto_id", "lote_id", "cantidad", "precio_unitario", "created_at", "cant_bulto", "cant_caja", "cant_x_caja", "cant_fraccion", "lote_numero", "fecha_vencimiento", "um", "fabricante", "temperatura_min_c", "temperatura_max_c", "cantidad_total") VALUES (3, 2, 3, NULL, '1.00', NULL, '2026-03-31T08:40:43.981Z', '1.00', '1.00', '1.00', '0.00', 'SN-560435M25308290001', NULL, NULL, 'EDAN INSTRUMENTS INC', NULL, NULL, '1.00');
INSERT INTO "nota_salida_detalles" ("id", "nota_salida_id", "producto_id", "lote_id", "cantidad", "precio_unitario", "created_at", "cant_bulto", "cant_caja", "cant_x_caja", "cant_fraccion", "lote_numero", "fecha_vencimiento", "um", "fabricante", "temperatura_min_c", "temperatura_max_c", "cantidad_total") VALUES (4, 3, 4, NULL, '3.00', NULL, '2026-03-31T08:46:45.321Z', '1.00', '1.00', '3.00', '0.00', '2025255', '2030-01-08T05:00:00.000Z', NULL, 'EOMEDICA SAC', NULL, NULL, '3.00');

-- Tabla: kardex (10 filas)
DELETE FROM "kardex";
INSERT INTO "kardex" ("id", "producto_id", "lote_numero", "tipo_movimiento", "cantidad", "saldo", "documento_tipo", "documento_numero", "referencia_id", "observaciones", "created_at") VALUES (1, 2, '2103144', 'INGRESO', '1000.00', '1000.00', 'NOTA_INGRESO', '00000001', 1, NULL, '2026-03-31T08:36:00.826Z');
INSERT INTO "kardex" ("id", "producto_id", "lote_numero", "tipo_movimiento", "cantidad", "saldo", "documento_tipo", "documento_numero", "referencia_id", "observaciones", "created_at") VALUES (2, 1, '2040355', 'INGRESO', '500.00', '500.00', 'NOTA_INGRESO', '00000001', 1, NULL, '2026-03-31T08:36:00.826Z');
INSERT INTO "kardex" ("id", "producto_id", "lote_numero", "tipo_movimiento", "cantidad", "saldo", "documento_tipo", "documento_numero", "referencia_id", "observaciones", "created_at") VALUES (3, 2, '2103144', 'SALIDA', '1000.00', '0.00', 'NOTA_SALIDA', '00000001', 1, NULL, '2026-03-31T08:37:00.889Z');
INSERT INTO "kardex" ("id", "producto_id", "lote_numero", "tipo_movimiento", "cantidad", "saldo", "documento_tipo", "documento_numero", "referencia_id", "observaciones", "created_at") VALUES (4, 1, '2040355', 'SALIDA', '500.00', '0.00', 'NOTA_SALIDA', '00000001', 1, NULL, '2026-03-31T08:37:00.889Z');
INSERT INTO "kardex" ("id", "producto_id", "lote_numero", "tipo_movimiento", "cantidad", "saldo", "documento_tipo", "documento_numero", "referencia_id", "observaciones", "created_at") VALUES (5, 3, 'SN-560435M25308290001', 'INGRESO', '1.00', '1.00', 'NOTA_INGRESO', '00000002', 2, NULL, '2026-03-31T08:40:23.881Z');
INSERT INTO "kardex" ("id", "producto_id", "lote_numero", "tipo_movimiento", "cantidad", "saldo", "documento_tipo", "documento_numero", "referencia_id", "observaciones", "created_at") VALUES (6, 3, 'SN-560435M25308290001', 'SALIDA', '1.00', '0.00', 'NOTA_SALIDA', '00000002', 2, NULL, '2026-03-31T08:40:43.981Z');
INSERT INTO "kardex" ("id", "producto_id", "lote_numero", "tipo_movimiento", "cantidad", "saldo", "documento_tipo", "documento_numero", "referencia_id", "observaciones", "created_at") VALUES (7, 4, '2025255', 'INGRESO', '3.00', '3.00', 'NOTA_INGRESO', '00000003', 3, NULL, '2026-03-31T08:45:21.158Z');
INSERT INTO "kardex" ("id", "producto_id", "lote_numero", "tipo_movimiento", "cantidad", "saldo", "documento_tipo", "documento_numero", "referencia_id", "observaciones", "created_at") VALUES (8, 5, '2601061', 'INGRESO', '5000.00', '5000.00', 'NOTA_INGRESO', '00000004', 4, NULL, '2026-03-31T08:46:30.607Z');
INSERT INTO "kardex" ("id", "producto_id", "lote_numero", "tipo_movimiento", "cantidad", "saldo", "documento_tipo", "documento_numero", "referencia_id", "observaciones", "created_at") VALUES (9, 5, '2601062', 'INGRESO', '7000.00', '7000.00', 'NOTA_INGRESO', '00000004', 4, NULL, '2026-03-31T08:46:30.607Z');
INSERT INTO "kardex" ("id", "producto_id", "lote_numero", "tipo_movimiento", "cantidad", "saldo", "documento_tipo", "documento_numero", "referencia_id", "observaciones", "created_at") VALUES (10, 4, '2025255', 'SALIDA', '3.00', '0.00', 'NOTA_SALIDA', '00000003', 3, NULL, '2026-03-31T08:46:45.321Z');

-- Tabla: ajustes_stock (0 filas)
DELETE FROM "ajustes_stock";

-- Tabla: alertas_vencimiento (0 filas)
DELETE FROM "alertas_vencimiento";

-- Tabla: actas_recepcion (0 filas)
DELETE FROM "actas_recepcion";

-- Tabla: acta_recepcion_detalles (0 filas)
DELETE FROM "acta_recepcion_detalles";

SET session_replication_role = DEFAULT; -- rehabilita FK checks

-- FIN DEL BACKUP